{"cameraMode":{"drawMode":0,"name":"Shaded","section":"Shading Mode"},"sceneLighting":true,"audioPlay":false,"sceneViewState":{"showFog":true,"showMaterialUpdate":false,"showSkybox":true,"showFlares":true,"showImageEffects":true,"showParticleSystems":true},"in2DMode":false,"pivot":{"x":0.14634084701538087,"y":1.4413566589355469,"z":-8.438761711120606},"rotation":{"x":0.38031134009361269,"y":0.20275725424289704,"z":-0.0858442485332489,"w":0.8982681632041931},"size":7.821630477905273,"orthographic":false}